{"xy_center_incell": [372.3801932579478, 379.994107665962], "xy_center_outcell": [136.0466227694716, 285.4225428286523], "r_incell": 129.85044138597593, "r_outcell": 33.57735708847604, "N_select": 1000}